id,first_name,last_name,email,gender,country,photo,birthday
402-12-0437,Alexander,Griffiths,Alexander_Griffiths3857@womeona.net,Male,LEonidas,rcFhiS.ppt,10/6/6964
671-54-6477,Matt,Flack,Matt_Flack5960@bretoux.com,Male,Red Lobster,EghgLa.png,2/12/0274
773-17-5164,Ron,Mason,Ron_Mason1870@nimogy.biz,Male,Pizza Hut,rqXeOy.rss,9/22/6623
437-36-7460,Erica,Jones,Erica_Jones2324@fuliss.net,Female,Wendy's,pYUW0N.rss,9/23/6488
361-15-1063,Adelaide,Wigley,Adelaide_Wigley4573@ubusive.com,Female,Red Lobster,ULyIdF.wpd,12/25/4137
236-48-2410,Carter,Flett,Carter_Flett2882@sveldo.biz,Male,Domino,l8F2Br.gif,1/22/7358
242-73-3162,Johnathan,Cunningham,Johnathan_Cunningham3205@atink.com,Male,Nutella,JY1gBh.msi,6/11/1981
126-28-6316,Abdul,Pierce,Abdul_Pierce9623@bulaffy.com,Male,Dr. Oetker,K4wwtK.mov,5/17/8592
353-76-3104,Rae,Dillon,Rae_Dillon2237@mafthy.com,Female,Andy Capp's fries,OXU4lH.iso,9/14/4753
033-35-8485,Erin,Tyrrell,Erin_Tyrrell3984@gompie.com,Female,Starbucks,qkbiL6.rtf,3/1/5389
001-01-2115,Alison,Farrant,Alison_Farrant8092@jiman.org,Female,Magnum,G3d5U3.rtf,1/31/6838
247-83-8438,Lorraine,Swan,Lorraine_Swan7241@sveldo.biz,Female,Taco Bell,SnVnRE.db,7/20/3923
473-21-0075,Mayleen,Lewis,Mayleen_Lewis8890@qater.org,Female,Soprole,3rkuy4.png,1/9/9305
111-28-2504,Ryan,Lyon,Ryan_Lyon966@muall.tech,Male,LEonidas,3khcxh.png,11/25/2257
318-26-0286,Clint,Ripley,Clint_Ripley1395@iatim.tech,Male,Soprole,MTjeGu.docx,8/13/4666
278-31-6817,Benny,Attwood,Benny_Attwood3952@deons.tech,Male,Baskin robbins,3WHY0i.wpd,7/25/1496
406-57-5581,Boris,Allington,Boris_Allington2872@elnee.tech,Male,Kits,1oCKZs.pptx,9/19/4462
745-02-5540,Javier,Shea,Javier_Shea4966@brety.org,Male,Domino,9JSz7N.rtf,5/7/9443
375-53-5364,Vera,Walter,Vera_Walter7528@nickia.com,Female,Baskin robbins,Arrib5.vb,7/23/6378
034-11-3415,Domenic,Purvis,Domenic_Purvis5522@qater.org,Male,Soprole,8dchKG.rss,7/19/4856
212-37-0433,Jade,Lindop,Jade_Lindop5023@gmail.com,Female,Soprole,hlIJrJ.wks,10/24/2973
087-22-7828,Denny,Hastings,Denny_Hastings7802@womeona.net,Male,Tic Tac,SCG7K8.iso,3/7/5339
307-04-4734,George,Jeffery,George_Jeffery477@iatim.tech,Male,Vitta Foods,vLkVmV.doc,1/24/9040
263-81-6241,Penelope,Ainsworth,Penelope_Ainsworth4798@eirey.tech,Female,KFC,YuZDVq.gif,11/30/6108
201-50-6356,Alba,Styles,Alba_Styles4481@gmail.com,Female,Nutella,uo4GF4.sql,2/1/8939
320-06-3504,Dasha,Knight,Dasha_Knight2297@naiker.biz,Female,Baskin robbins,MTL7qA.mov,5/6/2522
171-86-0103,Selena,Baker,Selena_Baker8745@yahoo.com,Female,Secret Recipe,apKqTP.wav,4/4/2143
458-15-4641,Callie,Rodwell,Callie_Rodwell7164@tonsy.org,Female,Magnum,viST66.bmp,8/20/3495
335-58-8653,Nathan,Malone,Nathan_Malone3908@gmail.com,Male,Nabisco,HEhbeq.dat,4/12/0216
372-32-7521,Keira,Oakley,Keira_Oakley1235@typill.biz,Female,Vitta Foods,aXB45o.bmp,7/28/5769
182-82-3837,David,Robe,David_Robe1911@cispeto.com,Male,Vitta Foods,FhTZnC.ppt,6/15/0083
262-03-8533,Rocco,Cowan,Rocco_Cowan4410@naiker.biz,Male,Nesquik,HUX0YK.bmp,9/13/6118
148-63-8566,Andrea,Glynn,Andrea_Glynn6607@gembat.biz,Female,Lavazza,lQ52nw.log,8/3/5999
550-10-6238,Mina,Nobbs,Mina_Nobbs2768@irrepsy.com,Female,Dr. Oetker,agPsnf.wpd,7/25/0762
827-23-4000,Tiffany,Martin,Tiffany_Martin247@ovock.tech,Female,Cheetos,ZOHoYd.pptx,2/26/5093
364-61-8631,Valentina,Anderson,Valentina_Anderson7319@brety.org,Female,Nesquik,EyINvq.jar,12/21/4001
426-77-7352,Benny,Cartwright,Benny_Cartwright2720@yahoo.com,Male,M&M Food Market,UVJX56.iso,6/7/5490
433-64-6210,Jacob,Ainsworth,Jacob_Ainsworth2249@zorer.org,Male,Starbucks,xf31Lg.rss,7/15/6945
616-07-5081,Cassandra,Doherty,Cassandra_Doherty4336@mafthy.com,Female,Kinder,j7E5fk.xml,4/2/5739
236-28-5150,Jayden,Holt,Jayden_Holt3951@gompie.com,Male,Burger King,tzncQd.rtf,7/27/5030
865-62-7574,Jack,Trent,Jack_Trent8941@typill.biz,Male,Nesquik,9SoqVs.svg,3/26/3036
468-82-2228,Nick,Styles,Nick_Styles418@gompie.com,Male,Vitta Foods,3SJto0.png,8/25/4989
563-72-8000,Vivian,Brown,Vivian_Brown3656@nickia.com,Female,Olymel,NgtmGX.xlsx,9/29/2764
812-68-0754,Caleb,Sherry,Caleb_Sherry2522@sveldo.biz,Male,Starbucks,4P0xEG.msi,12/2/1376
074-32-5207,Kurt,Ward,Kurt_Ward5290@gmail.com,Male,Starbucks,rq3dfi.rtf,4/22/8287
520-21-4766,Ronald,Johnson,Ronald_Johnson3825@vetan.org,Male,Domino,CHSUaM.wks,10/14/9389
540-42-4067,Kurt,Ingham,Kurt_Ingham7656@dionrab.com,Male,Carib Brewery,Hrhf1o.xls,11/14/4519
333-51-1412,Julian,Pearce,Julian_Pearce9111@bungar.biz,Male,Olymel,pPmgQ2.tmp,6/4/0909
250-36-3052,Jack,Furnell,Jack_Furnell2846@mafthy.com,Male,Wonder Bread,1YJnkS.csv,9/19/4228
422-16-5025,Marvin,Gavin,Marvin_Gavin8180@cispeto.com,Male,Nutella,2OEV6t.csv,2/14/2519
771-72-4753,Bart,Flett,Bart_Flett4551@iatim.tech,Male,Secret Recipe,ysBUIu.iso,4/21/5871
700-50-4513,Russel,Newton,Russel_Newton1023@twipet.com,Male,Nabisco,jz4mrY.sql,8/21/6537
242-86-4205,Ciara,Farrell,Ciara_Farrell2801@extex.org,Female,Lavazza,4Wc5Dd.7z,1/22/8043
733-48-2236,Marvin,Payne,Marvin_Payne5169@gompie.com,Male,Dunkin' Donuts,nQWnmt.xml,9/13/5010
565-46-1435,Alexa,Potts,Alexa_Potts5439@extex.org,Female,Papadopoulos,nw06WD.zip,12/29/8917
278-03-1566,Gil,Turner,Gil_Turner8285@twipet.com,Male,Taco Bell,DZczn6.wks,10/23/4128
577-10-0225,Cynthia,Burge,Cynthia_Burge3848@gmail.com,Female,Wendy's,wjIBnT.rtf,2/28/7682
803-15-2787,Eduardo,Tait,Eduardo_Tait5449@naiker.biz,Male,Magnum,5XQEcO.log,9/29/4137
010-20-4031,Sonya,Vaughan,Sonya_Vaughan5204@sveldo.biz,Female,Cheetos,K0mkPo.rtf,10/28/5636
606-45-1767,Abdul,Fisher,Abdul_Fisher9170@fuliss.net,Male,Dunkin' Donuts,qr2u74.xlsx,9/11/7650
755-61-0322,Sadie,Button,Sadie_Button8903@bretoux.com,Female,Magnum,qZPrjg.gif,11/12/7964
102-12-5081,Bristol,Bloom,Bristol_Bloom4823@bulaffy.com,Female,Burger King,UOB9bo.xls,6/20/0713
576-61-5822,Alison,Devonport,Alison_Devonport3556@twipet.com,Female,Pizza Hut,ndTvx9.xls,7/8/6788
318-87-7130,Domenic,Whitehouse,Domenic_Whitehouse9260@hourpy.biz,Male,Lavazza,IQ2prJ.vb,4/10/4518
351-17-5541,Denny,Jordan,Denny_Jordan5424@grannar.com,Male,Starbucks,RP9Y6y.pptx,9/15/9672
715-37-2067,Iris,Butler,Iris_Butler6099@jiman.org,Female,Burger King,PwHVHi.vb,11/13/9982
875-64-6763,Alessia,Moore,Alessia_Moore2772@twipet.com,Female,Wonder Bread,EUDXHv.htm,3/10/3954
251-46-2518,Alan,Butler,Alan_Butler6552@bulaffy.com,Male,Burger King,Cwv0Do.avi,5/10/1861
743-34-1551,Brad,Walsh,Brad_Walsh2916@famism.biz,Male,Secret Recipe,e0JZcp.png,6/13/3492
313-42-4675,Caleb,Booth,Caleb_Booth7061@irrepsy.com,Male,Starbucks,Pvwcxb.png,4/1/6557
741-78-0824,Angelina,Wise,Angelina_Wise6923@typill.biz,Female,Heinz,o7Ab6L.wav,8/16/0970
704-08-5673,Allison,Thompson,Allison_Thompson8703@muall.tech,Female,Kits,af8Fpb.msi,7/2/7120
503-58-0301,Ramon,Trent,Ramon_Trent8261@twace.org,Male,McDonald's,cKOIwX.db,1/20/3639
113-66-8616,Tom,Thomas,Tom_Thomas7460@zorer.org,Male,McDonald's,2bzI8j.cpp,3/5/1900
346-78-2627,Rocco,Durrant,Rocco_Durrant9374@bulaffy.com,Male,Vitta Foods,tfSeQh.jpeg,1/30/2488
620-72-4536,Henry,Johnson,Henry_Johnson9010@corti.com,Male,Wendy's,mDN3Om.pdf,7/4/2143
641-60-4488,Michaela,Chadwick,Michaela_Chadwick8955@joiniaa.com,Female,Wendy's,RoXYAF.7z,10/21/2637
100-25-3587,Peter,Lewis,Peter_Lewis1116@supunk.biz,Male,Red Lobster,AuCUe7.pdf,8/21/3351
712-00-1237,Chuck,Marshall,Chuck_Marshall4488@womeona.net,Male,Lavazza,MyWQAB.jpeg,8/8/5292
246-40-6366,Bob,Zaoui,Bob_Zaoui2278@ovock.tech,Male,M&M Food Market,UCNkxq.pptx,12/16/4109
885-67-6687,Margot,Nelson,Margot_Nelson5123@deavo.com,Female,Kits,lpVIS1.dat,12/9/5717
650-22-8847,Barney,Gonzales,Barney_Gonzales6032@grannar.com,Male,Dr. Oetker,tOgr2q.pptx,9/6/0220
843-14-2002,Angelina,Hunt,Angelina_Hunt2442@womeona.net,Female,Sun-Pat,Pf2ukH.bmp,3/27/6903
805-30-1280,Marissa,Walker,Marissa_Walker3174@bretoux.com,Female,Baskin robbins,09XRKE.rss,3/30/3749
527-01-7518,Ivy,Brown,Ivy_Brown7714@famism.biz,Female,Starbucks,lyjjaI.odt,9/30/8441
576-14-5655,Dorothy,Woodley,Dorothy_Woodley7554@irrepsy.com,Female,Bel Group,KLllO4.pps,2/27/4740
253-00-4383,Sebastian,Simpson,Sebastian_Simpson8867@sveldo.biz,Male,Dunkin' Donuts,OYZyGr.jpeg,2/21/8035
443-11-1638,Barry,Huggins,Barry_Huggins3400@jiman.org,Male,Betty Crocker,35nse5.vb,4/10/9483
247-60-6084,Matt,Forth,Matt_Forth3636@nickia.com,Male,Nutella,nBRDhE.log,8/20/9979
424-28-0038,Rylee,Clarkson,Rylee_Clarkson1025@iatim.tech,Female,Baskin robbins,Q2zQCD.gif,1/29/6272
134-86-5745,Ronald,Kennedy,Ronald_Kennedy1067@bretoux.com,Male,Kits,8ejLbR.log,3/26/6705
745-54-8480,Michelle,Hall,Michelle_Hall7082@irrepsy.com,Female,Heinz,fPIs7X.mp3,2/26/0356
216-28-8208,Matt,Ellwood,Matt_Ellwood2702@gembat.biz,Male,Betty Crocker,BcS1ro.rtf,2/3/4206
874-41-7216,Nate,Dickson,Nate_Dickson2770@brety.org,Male,Soprole,1ey1fI.pptx,3/3/9698
077-23-5132,Hazel,Blackwall,Hazel_Blackwall2147@elnee.tech,Female,Andy Capp's fries,DqSBIh.log,2/26/6261
627-85-6823,Candice,Gregory,Candice_Gregory8246@nimogy.biz,Female,Knorr,ea7lbg.csv,12/20/5643
301-75-2640,Jasmine,Giles,Jasmine_Giles8718@irrepsy.com,Female,Bewley's,UIkdUi.bmp,2/18/4310
216-45-7341,Marvin,Nicolas,Marvin_Nicolas4237@mafthy.com,Male,Carib Brewery,zG6FH7.mov,3/10/1356
765-07-5542,Sebastian,Hooper,Sebastian_Hooper8359@yahoo.com,Male,KFC,lLEK2a.csv,9/17/8746
640-37-7357,Erica,Nobbs,Erica_Nobbs1965@sheye.org,Female,Burger King,xkQGDC.gif,7/17/1677

